year,region,product,activity,feedstocktype,property,value,unit
2006,World,methanol,csr_a,natural_gas,abs_max,inf,t/t
2006,World,methanol,csr_a,natural_gas,abs_min,0.0000,t/t
2006,World,methanol,csr_a,natural_gas,def,0.7604,t/t
2006,World,methanol,csr_a,natural_gas,max,0.9885,t/t
2006,World,methanol,csr_a,natural_gas,min,0.5323,t/t
2006,World,methanol,csr_b,natural_gas,abs_max,inf,t/t
2006,World,methanol,csr_b,natural_gas,abs_min,0.0000,t/t
2006,World,methanol,csr_b,natural_gas,def,0.6958,t/t
2006,World,methanol,csr_b,natural_gas,max,0.9046,t/t
2006,World,methanol,csr_b,natural_gas,min,0.4871,t/t
2006,World,methanol,csr_c1,natural_gas_co2,abs_max,inf,t/t
2006,World,methanol,csr_c1,natural_gas_co2,abs_min,0.0000,t/t
2006,World,methanol,csr_c1,natural_gas_co2,def,0.6104,t/t
2006,World,methanol,csr_c1,natural_gas_co2,max,0.7935,t/t
2006,World,methanol,csr_c1,natural_gas_co2,min,0.4273,t/t
2006,World,methanol,csr_c1,natural_gas,abs_max,inf,t/t
2006,World,methanol,csr_c1,natural_gas,abs_min,0.0000,t/t
2006,World,methanol,csr_c1,natural_gas,def,0.6542,t/t
2006,World,methanol,csr_c1,natural_gas,max,0.8504,t/t
2006,World,methanol,csr_c1,natural_gas,min,0.4579,t/t
2006,World,methanol,csr_c2,natural_gas,abs_max,inf,t/t
2006,World,methanol,csr_c2,natural_gas,abs_min,0.0000,t/t
2006,World,methanol,csr_c2,natural_gas,def,0.6104,t/t
2006,World,methanol,csr_c2,natural_gas,max,0.7935,t/t
2006,World,methanol,csr_c2,natural_gas,min,0.4273,t/t
2006,World,methanol,csr_c3,natural_gas,abs_max,inf,t/t
2006,World,methanol,csr_c3,natural_gas,abs_min,0.0000,t/t
2006,World,methanol,csr_c3,natural_gas,def,0.6583,t/t
2006,World,methanol,csr_c3,natural_gas,max,0.8558,t/t
2006,World,methanol,csr_c3,natural_gas,min,0.4608,t/t
2006,World,methanol,csr_c4,natural_gas,abs_max,inf,t/t
2006,World,methanol,csr_c4,natural_gas,abs_min,0.0000,t/t
2006,World,methanol,csr_c4,natural_gas,def,0.6271,t/t
2006,World,methanol,csr_c4,natural_gas,max,0.8152,t/t
2006,World,methanol,csr_c4,natural_gas,min,0.4390,t/t
2006,World,methanol,pox,anthracite,abs_max,inf,t/t
2006,World,methanol,pox,anthracite,abs_min,0.0000,t/t
2006,World,methanol,pox,anthracite,def,2.6227,t/t
2006,World,methanol,pox,anthracite,max,3.4095,t/t
2006,World,methanol,pox,anthracite,min,1.8359,t/t
2006,World,methanol,pox,lignite,abs_max,inf,t/t
2006,World,methanol,pox,lignite,abs_min,0.0000,t/t
2006,World,methanol,pox,lignite,def,2.5830,t/t
2006,World,methanol,pox,lignite,max,3.3578,t/t
2006,World,methanol,pox,lignite,min,1.8081,t/t
2006,World,methanol,pox,oil,abs_max,inf,t/t
2006,World,methanol,pox,oil,abs_min,0.0000,t/t
2006,World,methanol,pox,oil,def,0.8700,t/t
2006,World,methanol,pox,oil,max,1.1310,t/t
2006,World,methanol,pox,oil,min,0.6090,t/t
2006,World,aromatics,sc,gas_oil,abs_max,inf,t/t
2006,World,aromatics,sc,gas_oil,abs_min,0.0,t/t
2006,World,aromatics,sc,gas_oil,def,0.124,t/t
2006,World,aromatics,sc,gas_oil,max,0.1364,t/t
2006,World,aromatics,sc,gas_oil,min,0.1116,t/t
2006,World,aromatics,sc,naphtha,abs_max,inf,t/t
2006,World,aromatics,sc,naphtha,abs_min,0.0,t/t
2006,World,aromatics,sc,naphtha,def,0.104,t/t
2006,World,aromatics,sc,naphtha,max,0.1144,t/t
2006,World,aromatics,sc,naphtha,min,0.0936,t/t
2006,World,butadiene,sc,butane,abs_max,inf,t/t
2006,World,butadiene,sc,butane,abs_min,0.0,t/t
2006,World,butadiene,sc,butane,def,0.044,t/t
2006,World,butadiene,sc,butane,max,0.0484,t/t
2006,World,butadiene,sc,butane,min,0.0396,t/t
2006,World,butadiene,sc,ethane,abs_max,inf,t/t
2006,World,butadiene,sc,ethane,abs_min,0.0,t/t
2006,World,butadiene,sc,ethane,def,0.023,t/t
2006,World,butadiene,sc,ethane,max,0.0253,t/t
2006,World,butadiene,sc,ethane,min,0.0207,t/t
2006,World,butadiene,sc,gas_oil,abs_max,inf,t/t
2006,World,butadiene,sc,gas_oil,abs_min,0.0,t/t
2006,World,butadiene,sc,gas_oil,def,0.05,t/t
2006,World,butadiene,sc,gas_oil,max,0.055,t/t
2006,World,butadiene,sc,gas_oil,min,0.045,t/t
2006,World,butadiene,sc,naphtha,abs_max,inf,t/t
2006,World,butadiene,sc,naphtha,abs_min,0.0,t/t
2006,World,butadiene,sc,naphtha,def,0.05,t/t
2006,World,butadiene,sc,naphtha,max,0.055,t/t
2006,World,butadiene,sc,naphtha,min,0.045,t/t
2006,World,butadiene,sc,other_petro_products,abs_max,inf,t/t
2006,World,butadiene,sc,other_petro_products,abs_min,0.0,t/t
2006,World,butadiene,sc,other_petro_products,def,0.05,t/t
2006,World,butadiene,sc,other_petro_products,max,0.055,t/t
2006,World,butadiene,sc,other_petro_products,min,0.045,t/t
2006,World,butadiene,sc,propane,abs_max,inf,t/t
2006,World,butadiene,sc,propane,abs_min,0.0,t/t
2006,World,butadiene,sc,propane,def,0.048,t/t
2006,World,butadiene,sc,propane,max,0.0528,t/t
2006,World,butadiene,sc,propane,min,0.0432,t/t
2006,World,c5_c6,sc,butane,abs_max,inf,t/t
2006,World,c5_c6,sc,butane,abs_min,0.0,t/t
2006,World,c5_c6,sc,butane,def,0.108,t/t
2006,World,c5_c6,sc,butane,max,0.119,t/t
2006,World,c5_c6,sc,butane,min,0.0972,t/t
2006,World,c5_c6,sc,ethane,abs_max,inf,t/t
2006,World,c5_c6,sc,ethane,abs_min,0.0,t/t
2006,World,c5_c6,sc,ethane,def,0.026,t/t
2006,World,c5_c6,sc,ethane,max,0.0286,t/t
2006,World,c5_c6,sc,ethane,min,0.0234,t/t
2006,World,c5_c6,sc,gas_oil,abs_max,inf,t/t
2006,World,c5_c6,sc,gas_oil,abs_min,0.0,t/t
2006,World,c5_c6,sc,gas_oil,def,0.021,t/t
2006,World,c5_c6,sc,gas_oil,max,0.0231,t/t
2006,World,c5_c6,sc,gas_oil,min,0.0189,t/t
2006,World,c5_c6,sc,naphtha,abs_max,inf,t/t
2006,World,c5_c6,sc,naphtha,abs_min,0.0,t/t
2006,World,c5_c6,sc,naphtha,def,0.04,t/t
2006,World,c5_c6,sc,naphtha,max,0.044,t/t
2006,World,c5_c6,sc,naphtha,min,0.036,t/t
2006,World,c5_c6,sc,other_petro_products,abs_max,inf,t/t
2006,World,c5_c6,sc,other_petro_products,abs_min,0.0,t/t
2006,World,c5_c6,sc,other_petro_products,def,0.04,t/t
2006,World,c5_c6,sc,other_petro_products,max,0.044,t/t
2006,World,c5_c6,sc,other_petro_products,min,0.036,t/t
2006,World,c5_c6,sc,propane,abs_max,inf,t/t
2006,World,c5_c6,sc,propane,abs_min,0.0,t/t
2006,World,c5_c6,sc,propane,def,0.063,t/t
2006,World,c5_c6,sc,propane,max,0.0693,t/t
2006,World,c5_c6,sc,propane,min,0.0567,t/t
2006,World,c7_plus_non_aromatics,sc,butane,abs_max,inf,t/t
2006,World,c7_plus_non_aromatics,sc,butane,abs_min,0.0,t/t
2006,World,c7_plus_non_aromatics,sc,butane,def,0.0,t/t
2006,World,c7_plus_non_aromatics,sc,butane,max,0.0,t/t
2006,World,c7_plus_non_aromatics,sc,butane,min,0.0,t/t
2006,World,c7_plus_non_aromatics,sc,ethane,abs_max,inf,t/t
2006,World,c7_plus_non_aromatics,sc,ethane,abs_min,0.0,t/t
2006,World,c7_plus_non_aromatics,sc,ethane,def,0.0,t/t
2006,World,c7_plus_non_aromatics,sc,ethane,max,0.0,t/t
2006,World,c7_plus_non_aromatics,sc,ethane,min,0.0,t/t
2006,World,c7_plus_non_aromatics,sc,gas_oil,abs_max,inf,t/t
2006,World,c7_plus_non_aromatics,sc,gas_oil,abs_min,0.0,t/t
2006,World,c7_plus_non_aromatics,sc,gas_oil,def,0.021,t/t
2006,World,c7_plus_non_aromatics,sc,gas_oil,max,0.0231,t/t
2006,World,c7_plus_non_aromatics,sc,gas_oil,min,0.0189,t/t
2006,World,c7_plus_non_aromatics,sc,naphtha,abs_max,inf,t/t
2006,World,c7_plus_non_aromatics,sc,naphtha,abs_min,0.0,t/t
2006,World,c7_plus_non_aromatics,sc,naphtha,def,0.012,t/t
2006,World,c7_plus_non_aromatics,sc,naphtha,max,0.0132,t/t
2006,World,c7_plus_non_aromatics,sc,naphtha,min,0.0108,t/t
2006,World,c7_plus_non_aromatics,sc,other_petro_products,abs_max,inf,t/t
2006,World,c7_plus_non_aromatics,sc,other_petro_products,abs_min,0.0,t/t
2006,World,c7_plus_non_aromatics,sc,other_petro_products,def,0.012,t/t
2006,World,c7_plus_non_aromatics,sc,other_petro_products,max,0.0132,t/t
2006,World,c7_plus_non_aromatics,sc,other_petro_products,min,0.0108,t/t
2006,World,c7_plus_non_aromatics,sc,propane,abs_max,inf,t/t
2006,World,c7_plus_non_aromatics,sc,propane,abs_min,0.0,t/t
2006,World,c7_plus_non_aromatics,sc,propane,def,0.0,t/t
2006,World,c7_plus_non_aromatics,sc,propane,max,0.0,t/t
2006,World,c7_plus_non_aromatics,sc,propane,min,0.0,t/t
2006,World,ethane_propane_after_recycle,sc,butane,abs_max,inf,t/t
2006,World,ethane_propane_after_recycle,sc,butane,abs_min,0.0,t/t
2006,World,ethane_propane_after_recycle,sc,butane,def,0.0,t/t
2006,World,ethane_propane_after_recycle,sc,butane,max,0.0,t/t
2006,World,ethane_propane_after_recycle,sc,butane,min,0.0,t/t
2006,World,ethane_propane_after_recycle,sc,ethane,abs_max,inf,t/t
2006,World,ethane_propane_after_recycle,sc,ethane,abs_min,0.0,t/t
2006,World,ethane_propane_after_recycle,sc,ethane,def,0.0,t/t
2006,World,ethane_propane_after_recycle,sc,ethane,max,0.0,t/t
2006,World,ethane_propane_after_recycle,sc,ethane,min,0.0,t/t
2006,World,ethane_propane_after_recycle,sc,gas_oil,abs_max,inf,t/t
2006,World,ethane_propane_after_recycle,sc,gas_oil,abs_min,0.0,t/t
2006,World,ethane_propane_after_recycle,sc,gas_oil,def,0.0,t/t
2006,World,ethane_propane_after_recycle,sc,gas_oil,max,0.0,t/t
2006,World,ethane_propane_after_recycle,sc,gas_oil,min,0.0,t/t
2006,World,ethane_propane_after_recycle,sc,naphtha,abs_max,inf,t/t
2006,World,ethane_propane_after_recycle,sc,naphtha,abs_min,0.0,t/t
2006,World,ethane_propane_after_recycle,sc,naphtha,def,0.0,t/t
2006,World,ethane_propane_after_recycle,sc,naphtha,max,0.0,t/t
2006,World,ethane_propane_after_recycle,sc,naphtha,min,0.0,t/t
2006,World,ethane_propane_after_recycle,sc,other_petro_products,abs_max,inf,t/t
2006,World,ethane_propane_after_recycle,sc,other_petro_products,abs_min,0.0,t/t
2006,World,ethane_propane_after_recycle,sc,other_petro_products,def,0.0,t/t
2006,World,ethane_propane_after_recycle,sc,other_petro_products,max,0.0,t/t
2006,World,ethane_propane_after_recycle,sc,other_petro_products,min,0.0,t/t
2006,World,ethane_propane_after_recycle,sc,propane,abs_max,inf,t/t
2006,World,ethane_propane_after_recycle,sc,propane,abs_min,0.0,t/t
2006,World,ethane_propane_after_recycle,sc,propane,def,0.0,t/t
2006,World,ethane_propane_after_recycle,sc,propane,max,0.0,t/t
2006,World,ethane_propane_after_recycle,sc,propane,min,0.0,t/t
2006,World,ethylene,sc,butane,abs_max,inf,t/t
2006,World,ethylene,sc,butane,abs_min,0.0,t/t
2006,World,ethylene,sc,butane,def,0.441,t/t
2006,World,ethylene,sc,butane,max,0.485,t/t
2006,World,ethylene,sc,butane,min,0.3970,t/t
2006,World,ethylene,sc,ethane,abs_max,inf,t/t
2006,World,ethylene,sc,ethane,abs_min,0.0,t/t
2006,World,ethylene,sc,ethane,def,0.803,t/t
2006,World,ethylene,sc,ethane,max,0.883,t/t
2006,World,ethylene,sc,ethane,min,0.7227,t/t
2006,World,ethylene,sc,gas_oil,abs_max,inf,t/t
2006,World,ethylene,sc,gas_oil,abs_min,0.0,t/t
2006,World,ethylene,sc,gas_oil,def,0.25,t/t
2006,World,ethylene,sc,gas_oil,max,0.275,t/t
2006,World,ethylene,sc,gas_oil,min,0.225,t/t
2006,World,ethylene,sc,naphtha,abs_max,inf,t/t
2006,World,ethylene,sc,naphtha,abs_min,0.0,t/t
2006,World,ethylene,sc,naphtha,def,0.324,t/t
2006,World,ethylene,sc,naphtha,max,0.3564,t/t
2006,World,ethylene,sc,naphtha,min,0.2916,t/t
2006,World,ethylene,sc,other_petro_products,abs_max,inf,t/t
2006,World,ethylene,sc,other_petro_products,abs_min,0.0,t/t
2006,World,ethylene,sc,other_petro_products,def,0.324,t/t
2006,World,ethylene,sc,other_petro_products,max,0.3564,t/t
2006,World,ethylene,sc,other_petro_products,min,0.2916,t/t
2006,World,ethylene,sc,propane,abs_max,inf,t/t
2006,World,ethylene,sc,propane,abs_min,0.0,t/t
2006,World,ethylene,sc,propane,def,0.465,t/t
2006,World,ethylene,sc,propane,max,0.5115,t/t
2006,World,ethylene,sc,propane,min,0.4185,t/t
2006,World,fuel_grade_products_and_backflows,sc,butane,abs_max,inf,t/t
2006,World,fuel_grade_products_and_backflows,sc,butane,abs_min,0.0,t/t
2006,World,fuel_grade_products_and_backflows,sc,butane,def,0.365,t/t
2006,World,fuel_grade_products_and_backflows,sc,butane,max,0.4015,t/t
2006,World,fuel_grade_products_and_backflows,sc,butane,min,0.3285,t/t
2006,World,fuel_grade_products_and_backflows,sc,ethane,abs_max,inf,t/t
2006,World,fuel_grade_products_and_backflows,sc,ethane,abs_min,0.0,t/t
2006,World,fuel_grade_products_and_backflows,sc,ethane,def,0.157,t/t
2006,World,fuel_grade_products_and_backflows,sc,ethane,max,0.1727,t/t
2006,World,fuel_grade_products_and_backflows,sc,ethane,min,0.1413,t/t
2006,World,fuel_grade_products_and_backflows,sc,gas_oil,abs_max,inf,t/t
2006,World,fuel_grade_products_and_backflows,sc,gas_oil,abs_min,0.0,t/t
2006,World,fuel_grade_products_and_backflows,sc,gas_oil,def,0.431,t/t
2006,World,fuel_grade_products_and_backflows,sc,gas_oil,max,0.4741,t/t
2006,World,fuel_grade_products_and_backflows,sc,gas_oil,min,0.3879,t/t
2006,World,fuel_grade_products_and_backflows,sc,naphtha,abs_max,inf,t/t
2006,World,fuel_grade_products_and_backflows,sc,naphtha,abs_min,0.0,t/t
2006,World,fuel_grade_products_and_backflows,sc,naphtha,def,0.355,t/t
2006,World,fuel_grade_products_and_backflows,sc,naphtha,max,0.391,t/t
2006,World,fuel_grade_products_and_backflows,sc,naphtha,min,0.3195,t/t
2006,World,fuel_grade_products_and_backflows,sc,other_petro_products,abs_max,inf,t/t
2006,World,fuel_grade_products_and_backflows,sc,other_petro_products,abs_min,0.0,t/t
2006,World,fuel_grade_products_and_backflows,sc,other_petro_products,def,0.355,t/t
2006,World,fuel_grade_products_and_backflows,sc,other_petro_products,max,0.391,t/t
2006,World,fuel_grade_products_and_backflows,sc,other_petro_products,min,0.3195,t/t
2006,World,fuel_grade_products_and_backflows,sc,propane,abs_max,inf,t/t
2006,World,fuel_grade_products_and_backflows,sc,propane,abs_min,0.0,t/t
2006,World,fuel_grade_products_and_backflows,sc,propane,def,0.362,t/t
2006,World,fuel_grade_products_and_backflows,sc,propane,max,0.398,t/t
2006,World,fuel_grade_products_and_backflows,sc,propane,min,0.326,t/t
2006,World,greater_than_430C,sc,propane,abs_max,inf,t/t
2006,World,greater_than_430C,sc,propane,abs_min,0.0,t/t
2006,World,greater_than_430C,sc,propane,def,0.0,t/t
2006,World,greater_than_430C,sc,propane,max,0.0,t/t
2006,World,greater_than_430C,sc,propane,min,0.0,t/t
2006,World,greater_than_430C,sc,butane,abs_max,inf,t/t
2006,World,greater_than_430C,sc,butane,abs_min,0.0,t/t
2006,World,greater_than_430C,sc,butane,def,0.0,t/t
2006,World,greater_than_430C,sc,butane,max,0.0,t/t
2006,World,greater_than_430C,sc,butane,min,0.0,t/t
2006,World,greater_than_430C,sc,ethane,abs_max,inf,t/t
2006,World,greater_than_430C,sc,ethane,abs_min,0.0,t/t
2006,World,greater_than_430C,sc,ethane,def,0.0,t/t
2006,World,greater_than_430C,sc,ethane,max,0.0,t/t
2006,World,greater_than_430C,sc,ethane,min,0.0,t/t
2006,World,greater_than_430C,sc,gas_oil,abs_max,inf,t/t
2006,World,greater_than_430C,sc,gas_oil,abs_min,0.0,t/t
2006,World,greater_than_430C,sc,gas_oil,def,0.196,t/t
2006,World,greater_than_430C,sc,gas_oil,max,0.2156,t/t
2006,World,greater_than_430C,sc,gas_oil,min,0.1764,t/t
2006,World,greater_than_430C,sc,naphtha,abs_max,inf,t/t
2006,World,greater_than_430C,sc,naphtha,abs_min,0.0,t/t
2006,World,greater_than_430C,sc,naphtha,def,0.034,t/t
2006,World,greater_than_430C,sc,naphtha,max,0.0374,t/t
2006,World,greater_than_430C,sc,naphtha,min,0.031,t/t
2006,World,greater_than_430C,sc,other_petro_products,abs_max,inf,t/t
2006,World,greater_than_430C,sc,other_petro_products,abs_min,0.0,t/t
2006,World,greater_than_430C,sc,other_petro_products,def,0.034,t/t
2006,World,greater_than_430C,sc,other_petro_products,max,0.0374,t/t
2006,World,greater_than_430C,sc,other_petro_products,min,0.031,t/t
2006,World,hvc,sc,butane,abs_max,inf,t/t
2006,World,hvc,sc,butane,abs_min,0.0,t/t
2006,World,hvc,sc,butane,def,0.635,t/t
2006,World,hvc,sc,butane,max,0.6985,t/t
2006,World,hvc,sc,butane,min,0.5715,t/t
2006,World,hvc,sc,ethane,abs_max,inf,t/t
2006,World,hvc,sc,ethane,abs_min,0.0,t/t
2006,World,hvc,sc,ethane,def,0.842,t/t
2006,World,hvc,sc,ethane,max,0.9262,t/t
2006,World,hvc,sc,ethane,min,0.7578,t/t
2006,World,hvc,sc,gas_oil,abs_max,inf,t/t
2006,World,hvc,sc,gas_oil,abs_min,0.0,t/t
2006,World,hvc,sc,gas_oil,def,0.569,t/t
2006,World,hvc,sc,gas_oil,max,0.626,t/t
2006,World,hvc,sc,gas_oil,min,0.5121,t/t
2006,World,hvc,sc,naphtha,abs_max,inf,t/t
2006,World,hvc,sc,naphtha,abs_min,0.0,t/t
2006,World,hvc,sc,naphtha,def,0.645,t/t
2006,World,hvc,sc,naphtha,max,0.710,t/t
2006,World,hvc,sc,naphtha,min,0.5805,t/t
2006,World,hvc,sc,other_petro_products,abs_max,inf,t/t
2006,World,hvc,sc,other_petro_products,abs_min,0.0,t/t
2006,World,hvc,sc,other_petro_products,def,0.645,t/t
2006,World,hvc,sc,other_petro_products,max,0.710,t/t
2006,World,hvc,sc,other_petro_products,min,0.5805,t/t
2006,World,hvc,sc,propane,abs_max,inf,t/t
2006,World,hvc,sc,propane,abs_min,0.0,t/t
2006,World,hvc,sc,propane,def,0.638,t/t
2006,World,hvc,sc,propane,max,0.702,t/t
2006,World,hvc,sc,propane,min,0.5742,t/t
2006,World,hydrogen,sc,butane,abs_max,inf,t/t
2006,World,hydrogen,sc,butane,abs_min,0.0,t/t
2006,World,hydrogen,sc,butane,def,0.014,t/t
2006,World,hydrogen,sc,butane,max,0.0154,t/t
2006,World,hydrogen,sc,butane,min,0.0126,t/t
2006,World,hydrogen,sc,ethane,abs_max,inf,t/t
2006,World,hydrogen,sc,ethane,abs_min,0.0,t/t
2006,World,hydrogen,sc,ethane,def,0.06,t/t
2006,World,hydrogen,sc,ethane,max,0.066,t/t
2006,World,hydrogen,sc,ethane,min,0.054,t/t
2006,World,hydrogen,sc,gas_oil,abs_max,inf,t/t
2006,World,hydrogen,sc,gas_oil,abs_min,0.0,t/t
2006,World,hydrogen,sc,gas_oil,def,0.008,t/t
2006,World,hydrogen,sc,gas_oil,max,0.0088,t/t
2006,World,hydrogen,sc,gas_oil,min,0.0072,t/t
2006,World,hydrogen,sc,naphtha,abs_max,inf,t/t
2006,World,hydrogen,sc,naphtha,abs_min,0.0,t/t
2006,World,hydrogen,sc,naphtha,def,0.011,t/t
2006,World,hydrogen,sc,naphtha,max,0.0121,t/t
2006,World,hydrogen,sc,naphtha,min,0.0099,t/t
2006,World,hydrogen,sc,other_petro_products,abs_max,inf,t/t
2006,World,hydrogen,sc,other_petro_products,abs_min,0.0,t/t
2006,World,hydrogen,sc,other_petro_products,def,0.011,t/t
2006,World,hydrogen,sc,other_petro_products,max,0.0121,t/t
2006,World,hydrogen,sc,other_petro_products,min,0.0099,t/t
2006,World,hydrogen,sc,propane,abs_max,inf,t/t
2006,World,hydrogen,sc,propane,abs_min,0.0,t/t
2006,World,hydrogen,sc,propane,def,0.015,t/t
2006,World,hydrogen,sc,propane,max,0.0165,t/t
2006,World,hydrogen,sc,propane,min,0.0135,t/t
2006,World,less_than_430C,sc,propane,abs_max,inf,t/t
2006,World,less_than_430C,sc,propane,abs_min,0.0,t/t
2006,World,less_than_430C,sc,propane,def,0.0,t/t
2006,World,less_than_430C,sc,propane,max,0.0,t/t
2006,World,less_than_430C,sc,propane,min,0.0,t/t
2006,World,less_than_430C,sc,butane,abs_max,inf,t/t
2006,World,less_than_430C,sc,butane,abs_min,0.0,t/t
2006,World,less_than_430C,sc,butane,def,0.0,t/t
2006,World,less_than_430C,sc,butane,max,0.0,t/t
2006,World,less_than_430C,sc,butane,min,0.0,t/t
2006,World,less_than_430C,sc,ethane,abs_max,inf,t/t
2006,World,less_than_430C,sc,ethane,abs_min,0.0,t/t
2006,World,less_than_430C,sc,ethane,def,0.0,t/t
2006,World,less_than_430C,sc,ethane,max,0.0,t/t
2006,World,less_than_430C,sc,ethane,min,0.0,t/t
2006,World,less_than_430C,sc,gas_oil,abs_max,inf,t/t
2006,World,less_than_430C,sc,gas_oil,abs_min,0.0,t/t
2006,World,less_than_430C,sc,gas_oil,def,0.026,t/t
2006,World,less_than_430C,sc,gas_oil,max,0.0286,t/t
2006,World,less_than_430C,sc,gas_oil,min,0.0234,t/t
2006,World,less_than_430C,sc,naphtha,abs_max,inf,t/t
2006,World,less_than_430C,sc,naphtha,abs_min,0.0,t/t
2006,World,less_than_430C,sc,naphtha,def,0.052,t/t
2006,World,less_than_430C,sc,naphtha,max,0.0572,t/t
2006,World,less_than_430C,sc,naphtha,min,0.0468,t/t
2006,World,less_than_430C,sc,other_petro_products,abs_max,inf,t/t
2006,World,less_than_430C,sc,other_petro_products,abs_min,0.0,t/t
2006,World,less_than_430C,sc,other_petro_products,def,0.052,t/t
2006,World,less_than_430C,sc,other_petro_products,max,0.0572,t/t
2006,World,less_than_430C,sc,other_petro_products,min,0.0468,t/t
2006,World,losses,sc,ethane,abs_max,inf,t/t
2006,World,losses,sc,ethane,abs_min,0.0,t/t
2006,World,losses,sc,ethane,def,0.005,t/t
2006,World,losses,sc,ethane,max,0.0055,t/t
2006,World,losses,sc,ethane,min,0.0045,t/t
2006,World,losses,sc,butane,abs_max,inf,t/t
2006,World,losses,sc,butane,abs_min,0.0,t/t
2006,World,losses,sc,butane,def,0.005,t/t
2006,World,losses,sc,butane,max,0.0055,t/t
2006,World,losses,sc,butane,min,0.0045,t/t
2006,World,losses,sc,gas_oil,abs_max,inf,t/t
2006,World,losses,sc,gas_oil,abs_min,0.0,t/t
2006,World,losses,sc,gas_oil,def,0.005,t/t
2006,World,losses,sc,gas_oil,max,0.0055,t/t
2006,World,losses,sc,gas_oil,min,0.0045,t/t
2006,World,losses,sc,naphtha,abs_max,inf,t/t
2006,World,losses,sc,naphtha,abs_min,0.0,t/t
2006,World,losses,sc,naphtha,def,0.005,t/t
2006,World,losses,sc,naphtha,max,0.0055,t/t
2006,World,losses,sc,naphtha,min,0.0045,t/t
2006,World,losses,sc,other_petro_products,abs_max,inf,t/t
2006,World,losses,sc,other_petro_products,abs_min,0.0,t/t
2006,World,losses,sc,other_petro_products,def,0.005,t/t
2006,World,losses,sc,other_petro_products,max,0.0055,t/t
2006,World,losses,sc,other_petro_products,min,0.0045,t/t
2006,World,methane,sc,butane,abs_max,inf,t/t
2006,World,methane,sc,butane,abs_min,0.0,t/t
2006,World,methane,sc,butane,def,0.204,t/t
2006,World,methane,sc,butane,max,0.224,t/t
2006,World,methane,sc,butane,min,0.184,t/t
2006,World,methane,sc,ethane,abs_max,inf,t/t
2006,World,methane,sc,ethane,abs_min,0.0,t/t
2006,World,methane,sc,ethane,def,0.061,t/t
2006,World,methane,sc,ethane,max,0.0671,t/t
2006,World,methane,sc,ethane,min,0.0549,t/t
2006,World,methane,sc,gas_oil,abs_max,inf,t/t
2006,World,methane,sc,gas_oil,abs_min,0.0,t/t
2006,World,methane,sc,gas_oil,def,0.114,t/t
2006,World,methane,sc,gas_oil,max,0.1254,t/t
2006,World,methane,sc,gas_oil,min,0.103,t/t
2006,World,methane,sc,naphtha,abs_max,inf,t/t
2006,World,methane,sc,naphtha,abs_min,0.0,t/t
2006,World,methane,sc,naphtha,def,0.139,t/t
2006,World,methane,sc,naphtha,max,0.1529,t/t
2006,World,methane,sc,naphtha,min,0.125,t/t
2006,World,methane,sc,other_petro_products,abs_max,inf,t/t
2006,World,methane,sc,other_petro_products,abs_min,0.0,t/t
2006,World,methane,sc,other_petro_products,def,0.139,t/t
2006,World,methane,sc,other_petro_products,max,0.1529,t/t
2006,World,methane,sc,other_petro_products,min,0.125,t/t
2006,World,methane,sc,propane,abs_max,inf,t/t
2006,World,methane,sc,propane,abs_min,0.0,t/t
2006,World,methane,sc,propane,def,0.267,t/t
2006,World,methane,sc,propane,max,0.294,t/t
2006,World,methane,sc,propane,min,0.2403,t/t
2006,World,other_c4,sc,butane,abs_max,inf,t/t
2006,World,other_c4,sc,butane,abs_min,0.0,t/t
2006,World,other_c4,sc,butane,def,0.033,t/t
2006,World,other_c4,sc,butane,max,0.0363,t/t
2006,World,other_c4,sc,butane,min,0.0297,t/t
2006,World,other_c4,sc,ethane,abs_max,inf,t/t
2006,World,other_c4,sc,ethane,abs_min,0.0,t/t
2006,World,other_c4,sc,ethane,def,0.006,t/t
2006,World,other_c4,sc,ethane,max,0.0066,t/t
2006,World,other_c4,sc,ethane,min,0.0054,t/t
2006,World,other_c4,sc,gas_oil,abs_max,inf,t/t
2006,World,other_c4,sc,gas_oil,abs_min,0.0,t/t
2006,World,other_c4,sc,gas_oil,def,0.04,t/t
2006,World,other_c4,sc,gas_oil,max,0.044,t/t
2006,World,other_c4,sc,gas_oil,min,0.036,t/t
2006,World,other_c4,sc,naphtha,abs_max,inf,t/t
2006,World,other_c4,sc,naphtha,abs_min,0.0,t/t
2006,World,other_c4,sc,naphtha,def,0.062,t/t
2006,World,other_c4,sc,naphtha,max,0.0682,t/t
2006,World,other_c4,sc,naphtha,min,0.0558,t/t
2006,World,other_c4,sc,other_petro_products,abs_max,inf,t/t
2006,World,other_c4,sc,other_petro_products,abs_min,0.0,t/t
2006,World,other_c4,sc,other_petro_products,def,0.062,t/t
2006,World,other_c4,sc,other_petro_products,max,0.0682,t/t
2006,World,other_c4,sc,other_petro_products,min,0.0558,t/t
2006,World,other_c4,sc,propane,abs_max,inf,t/t
2006,World,other_c4,sc,propane,abs_min,0.0,t/t
2006,World,other_c4,sc,propane,def,0.012,t/t
2006,World,other_c4,sc,propane,max,0.0132,t/t
2006,World,other_c4,sc,propane,min,0.0108,t/t
2006,World,propylene,sc,butane,abs_max,inf,t/t
2006,World,propylene,sc,butane,abs_min,0.0,t/t
2006,World,propylene,sc,butane,def,0.151,t/t
2006,World,propylene,sc,butane,max,0.1661,t/t
2006,World,propylene,sc,butane,min,0.1359,t/t
2006,World,propylene,sc,ethane,abs_max,inf,t/t
2006,World,propylene,sc,ethane,abs_min,0.0,t/t
2006,World,propylene,sc,ethane,def,0.016,t/t
2006,World,propylene,sc,ethane,max,0.0176,t/t
2006,World,propylene,sc,ethane,min,0.0144,t/t
2006,World,propylene,sc,gas_oil,abs_max,inf,t/t
2006,World,propylene,sc,gas_oil,abs_min,0.0,t/t
2006,World,propylene,sc,gas_oil,def,0.144,t/t
2006,World,propylene,sc,gas_oil,max,0.1584,t/t
2006,World,propylene,sc,gas_oil,min,0.1296,t/t
2006,World,propylene,sc,naphtha,abs_max,inf,t/t
2006,World,propylene,sc,naphtha,abs_min,0.0,t/t
2006,World,propylene,sc,naphtha,def,0.168,t/t
2006,World,propylene,sc,naphtha,max,0.184,t/t
2006,World,propylene,sc,naphtha,min,0.151,t/t
2006,World,propylene,sc,other_petro_products,abs_max,inf,t/t
2006,World,propylene,sc,other_petro_products,abs_min,0.0,t/t
2006,World,propylene,sc,other_petro_products,def,0.168,t/t
2006,World,propylene,sc,other_petro_products,max,0.185,t/t
2006,World,propylene,sc,other_petro_products,min,0.151,t/t
2006,World,propylene,sc,propane,abs_max,inf,t/t
2006,World,propylene,sc,propane,abs_min,0.0,t/t
2006,World,propylene,sc,propane,def,0.125,t/t
2006,World,propylene,sc,propane,max,0.138,t/t
2006,World,propylene,sc,propane,min,0.113,t/t
2006,World,methane,sc,butane,abs_min,0.0,t/t
2006,World,methane,sc,butane,def,0.204,t/t
2006,World,methane,sc,butane,max,0.224,t/t
2006,World,methane,sc,butane,min,0.184,t/t
2006,World,methane,sc,ethane,abs_max,inf,t/t
2006,World,methane,sc,ethane,abs_min,0.0,t/t
2006,World,methane,sc,ethane,def,0.061,t/t
2006,World,methane,sc,ethane,max,0.0671,t/t
2006,World,methane,sc,ethane,min,0.0549,t/t
2006,World,methane,sc,gas_oil,abs_max,inf,t/t
2006,World,methane,sc,gas_oil,abs_min,0.0,t/t
2006,World,methane,sc,gas_oil,def,0.114,t/t
2006,World,methane,sc,gas_oil,max,0.1254,t/t
2006,World,methane,sc,gas_oil,min,0.103,t/t
2006,World,methane,sc,naphtha,abs_max,inf,t/t
2006,World,methane,sc,naphtha,abs_min,0.0,t/t
2006,World,methane,sc,naphtha,def,0.139,t/t
2006,World,methane,sc,naphtha,max,0.1529,t/t
2006,World,methane,sc,naphtha,min,0.125,t/t
2006,World,methane,sc,other_petro_products,abs_max,inf,t/t
2006,World,methane,sc,other_petro_products,abs_min,0.0,t/t
2006,World,methane,sc,other_petro_products,def,0.139,t/t
2006,World,methane,sc,other_petro_products,max,0.1529,t/t
2006,World,methane,sc,other_petro_products,min,0.125,t/t
2006,World,methane,sc,propane,abs_max,inf,t/t
2006,World,methane,sc,propane,abs_min,0.0,t/t
2006,World,methane,sc,propane,def,0.267,t/t
2006,World,methane,sc,propane,max,0.294,t/t
2006,World,methane,sc,propane,min,0.2403,t/t
2006,World,other_c4,sc,butane,abs_max,inf,t/t
2006,World,other_c4,sc,butane,abs_min,0.0,t/t
2006,World,other_c4,sc,butane,def,0.033,t/t
2006,World,other_c4,sc,butane,max,0.0363,t/t
2006,World,other_c4,sc,butane,min,0.0297,t/t
2006,World,other_c4,sc,ethane,abs_max,inf,t/t
2006,World,other_c4,sc,ethane,abs_min,0.0,t/t
2006,World,other_c4,sc,ethane,def,0.006,t/t
2006,World,other_c4,sc,ethane,max,0.0066,t/t
2006,World,other_c4,sc,ethane,min,0.0054,t/t
2006,World,other_c4,sc,gas_oil,abs_max,inf,t/t
2006,World,other_c4,sc,gas_oil,abs_min,0.0,t/t
2006,World,other_c4,sc,gas_oil,def,0.04,t/t
2006,World,other_c4,sc,gas_oil,max,0.044,t/t
2006,World,other_c4,sc,gas_oil,min,0.036,t/t
2006,World,other_c4,sc,naphtha,abs_max,inf,t/t
2006,World,other_c4,sc,naphtha,abs_min,0.0,t/t
2006,World,other_c4,sc,naphtha,def,0.062,t/t
2006,World,other_c4,sc,naphtha,max,0.0682,t/t
2006,World,other_c4,sc,naphtha,min,0.0558,t/t
2006,World,other_c4,sc,other_petro_products,abs_max,inf,t/t
2006,World,other_c4,sc,other_petro_products,abs_min,0.0,t/t
2006,World,other_c4,sc,other_petro_products,def,0.062,t/t
2006,World,other_c4,sc,other_petro_products,max,0.0682,t/t
2006,World,other_c4,sc,other_petro_products,min,0.0558,t/t
2006,World,other_c4,sc,propane,abs_max,inf,t/t
2006,World,other_c4,sc,propane,abs_min,0.0,t/t
2006,World,other_c4,sc,propane,def,0.012,t/t
2006,World,other_c4,sc,propane,max,0.0132,t/t
2006,World,other_c4,sc,propane,min,0.0108,t/t
2006,World,propylene,sc,butane,abs_max,inf,t/t
2006,World,propylene,sc,butane,abs_min,0.0,t/t
2006,World,propylene,sc,butane,def,0.151,t/t
2006,World,propylene,sc,butane,max,0.1661,t/t
2006,World,propylene,sc,butane,min,0.1359,t/t
2006,World,propylene,sc,ethane,abs_max,inf,t/t
2006,World,propylene,sc,ethane,abs_min,0.0,t/t
2006,World,propylene,sc,ethane,def,0.016,t/t
2006,World,propylene,sc,ethane,max,0.0176,t/t
2006,World,propylene,sc,ethane,min,0.0144,t/t
2006,World,propylene,sc,gas_oil,abs_max,inf,t/t
2006,World,propylene,sc,gas_oil,abs_min,0.0,t/t
2006,World,propylene,sc,gas_oil,def,0.144,t/t
2006,World,propylene,sc,gas_oil,max,0.1584,t/t
2006,World,propylene,sc,gas_oil,min,0.1296,t/t
2006,World,propylene,sc,naphtha,abs_max,inf,t/t
2006,World,propylene,sc,naphtha,abs_min,0.0,t/t
2006,World,propylene,sc,naphtha,def,0.168,t/t
2006,World,propylene,sc,naphtha,max,0.184,t/t
2006,World,propylene,sc,naphtha,min,0.151,t/t
2006,World,propylene,sc,other_petro_products,abs_max,inf,t/t
2006,World,propylene,sc,other_petro_products,abs_min,0.0,t/t
2006,World,propylene,sc,other_petro_products,def,0.168,t/t
2006,World,propylene,sc,other_petro_products,max,0.185,t/t
2006,World,propylene,sc,other_petro_products,min,0.151,t/t
2006,World,propylene,sc,propane,abs_max,inf,t/t
2006,World,propylene,sc,propane,abs_min,0.0,t/t
2006,World,propylene,sc,propane,def,0.125,t/t
2006,World,propylene,sc,propane,max,0.138,t/t
2006,World,propylene,sc,propane,min,0.113,t/t